{
    "bbox_results_GT_num_0": {
        "mAP 50:95": 40.01146121791676,
        "Threshold AP @": {
            "50": 61.8,
            "55": 59.76,
            "60": 57.07,
            "65": 53.72,
            "70": 49.59,
            "75": 43.66,
            "80": 35.87,
            "85": 25.77,
            "90": 11.68,
            "95": 1.19
        },
        "Precision": {
            "Average": 21.16,
            "AP (Small)": 28.06,
            "AP (Medium)": 55.95,
            "AP (Large)": 73.0
        },
        "Recall": {
            "Average": 78.41,
            "AR (Small)": 46.68,
            "AR (Medium)": 73.7,
            "AR (Large)": 85.69
        },
        "Main Errors": {
            "Cls": 3.4,
            "Loc": 6.65,
            "Both": 1.18,
            "Dupe": 0.19,
            "Bkg": 3.96,
            "Miss": 7.53
        },
        "Special Errors": {
            "FalsePos": 16.28,
            "FalseNeg": 15.57
        }
    },
    "mask_results_GT_num_1": {
        "mAP 50:95": 35.92102800702995,
        "Threshold AP @": {
            "50": 58.3,
            "55": 55.61,
            "60": 52.48,
            "65": 48.82,
            "70": 44.05,
            "75": 37.95,
            "80": 30.33,
            "85": 20.96,
            "90": 9.54,
            "95": 1.17
        },
        "Precision": {
            "Average": 19.81,
            "AP (Small)": 25.38,
            "AP (Medium)": 43.54,
            "AP (Large)": 52.52
        },
        "Recall": {
            "Average": 74.01,
            "AR (Small)": 47.62,
            "AR (Medium)": 57.31,
            "AR (Large)": 60.21
        },
        "Main Errors": {
            "Cls": 3.05,
            "Loc": 9.38,
            "Both": 0.58,
            "Dupe": 0.32,
            "Bkg": 4.31,
            "Miss": 7.43
        },
        "Special Errors": {
            "FalsePos": 15.5,
            "FalseNeg": 18.03
        }
    },
    "Combined Average": {
        "mAP 50:95": 37.97,
        "Threshold AP @": {
            "50": 60.05,
            "55": 57.69,
            "60": 54.77,
            "65": 51.27,
            "70": 46.82,
            "75": 40.8,
            "80": 33.1,
            "85": 23.37,
            "90": 10.61,
            "95": 1.18
        },
        "Precision": {
            "Average": 20.48,
            "AP (Small)": 26.72,
            "AP (Medium)": 49.75,
            "AP (Large)": 62.76
        },
        "Recall": {
            "Average": 76.21,
            "AR (Small)": 47.15,
            "AR (Medium)": 65.5,
            "AR (Large)": 72.95
        },
        "Main Errors": {
            "Cls": 3.22,
            "Loc": 8.02,
            "Both": 0.88,
            "Dupe": 0.26,
            "Bkg": 4.13,
            "Miss": 7.48
        },
        "Special Errors": {
            "FalsePos": 15.89,
            "FalseNeg": 16.8
        }
    }
}